OYO 12732 Avalon Palace,"Opposite Arjun Camp, Mahipalpur Bypass Road, Delhi",1767,New
OYO 13455 Rama Krishna Hotel,"NH 8, Mahipalpur Extension, New Delhi, Delhi",1952,New
OYO 13299 hotel blue pearl,"Arakashan road, Paharganj new delhi, Delhi",2077,4.4
OYO 12419 Hotel Silver Shine,"Sangatrashan Chowk, Paharganj,, Delhi",1899,4.4
OYO Townhouse 033 Siri Fort,"Siri Fort Rd, Sector 3, Sadiq Nagar, Delhi",4599,New
OYO Flagship 504 Greater Kailash,"GK-2, Delhi",4215,New
OYO Townhouse 010 East of Kailash,"East Of Kailash, Delhi",5399,New
OYO Flagship 749 Pitampura,"Pitampura, Delhi",3732,New
OYO Townhouse 002 Green Park,"B Block, Safdarjung Enclave, Delhi",6549,New
OYO 13451 Star Corporate Avenue,"Africa Ave, Block A 2, , Nauroji Nagar, Safdarjung Enclave, Delhi",3124,New
OYO 12190 Blue Umbrella,"Dhakka Main Road Kingsway Camp Gtb Nagar, Delhi",2027,4.4
OYO Townhouse 015 Lajpat Nagar,"Lajpat Nagar - IV, Delhi",5097,4.4
OYO Townhouse 008 Greater Kailash,"Greater Kailash-I, Delhi",4989,4.6
OYO 12075 Hotel Regalia Retreat,"Hansraj Gupta Marg, Block E, Kailash Kunj, Greater Kailash, Delhi",3110,4.6
OYO Townhouse 013 New Friends Colony,"New Friends Colony, Delhi",5149,4.3
OYO Flagship 737 Paschim Vihar,"Pushkar Enclave, Paschim Vihar, Delhi",4215,4.3
OYO Flagship 746 Bhikaji Cama Place,"Plot No. No.B-2/3, Africa Avenue Road, Delhi",4215,4.7
OYO Flagship 632 Kalkaji Mandir,"Kalkaji, Delhi",3699,4.7
OYO 13235 The Golden Door,"GK 2, Near M block market, New Delhi, Delhi",2815,4.4
OYO Flagship 556 North Campus,"Phase 2, Ashok Vihar, Delhi",4215,4.4
OYO 7655 Om Paradise Hotel,"Mahipalpur, Delhi",1799,New
OYO Flagship 494 East of Kailash,"Plot no. E-301, E Block, East of Kailash, Delhi, Delhi",3949,New
OYO Flagship 592 Hauz Khas Village,"Safdarjung Enclave, Near N.C.C.Gate, Delhi",3732,4.5
OYO 2680 Hotel Presidency,"D.B. Gupta Road, Delhi",1838,4.5
OYO 12789 Hotel Aaron Castle,"Block A2, Africa Avenue road, Safdarjung Enclave, Delhi",3889,4.5
OYO Flagship 591 Safdarjung Enclave,"Safdarjung Development Area, Near SDA Market , Delhi",3732,4.5
OYO 9150 Hotel Tourist Palace,"Mahipalpur, Delhi",1803,4.3
OYO 305 Hotel Rajdeep Palace,"Near Bank of Baroda, New Friends Colony, Delhi",2049,4.3
OYO 7578 Hotel Luck Residency,"Near Airport, Mahipalpur, Delhi",1734,New
OYO 9273 Surya Palace,"Sector 7, Ramphal Chowk, Delhi",2354,4.2
OYO Flagship 555 Pitampura,"Rajdhani Enclave, Pitampura, Delhi",4215,4.2
OYO 12911 Velvet inn,"A-1/681-682, sector-6 , rohini , Delhi",2771,4.2
OYO 9148 Hotel Global Inn,"Mahipalpur, Delhi",1695,4.2
OYO Flagship 589 Dwarka,"Plot No.16, Pocket C8, Sector 17, Dwarka, Delhi",2717,New
OYO 9268 Hotel Arch,"Near IGI Airport, Mahipalpur, Delhi",2425,New
OYO 8253 Golden Heights,"Plot No. C-1028A , Opposite Shri Makhan Sweet, Sector 07, Ramphal Chowk, Dwarka, Delhi",2399,4.5
OYO 10032 Dwarka,"sector 7, Delhi",2453,4.5
OYO 10274 Hotel Aamara,"Block A road no 4 street no 9 Mahipalpur Ext, Delhi",2160,4.3
OYO 9786 Hotel Aerolook,"Road No 04. Street No 06, Mahipalpur Ext., Block A, Mahipalpur Village, Mahipalpur, Delhi",1906,4.3
OYO Flagship 512 Deer Park,"B Block, Safdurjung Enclave, Delhi",3732,4.3
OYO 476 Hotel Gera's,"Opp. Karnataka Bank, Kalkaji Branch, Delhi",3242,New
OYO 10008 Hotel Golden Tree,"sector 12/A, Dwarka-45, Delhi",2452,New
OYO 12219 Tryfenna,"Chaudhary Harsukh Marg, Green Park, Delhi",4028,4.5
OYO 11690 Hotel Viva Palace,"Block-F, Mahipalpur Village, Delhi",1893,4.5
OYO 8497 near Delhi Airport,"Near Airport, Mahipalpur, Delhi",2218,4.5
OYO 6109 Le Grand,"Near RK Ashram Metro Station, Gali No 7, Delhi",2173,4.5
OYO 8481 Le Tara Residency,"Sector 12B, Dwarka, Delhi",2809,New
OYO 980 Hotel Ramhan,"Behind Patel Nagar Metro Station, East Patel Nagar, Delhi",3175,4.5
OYO 12675 Hotel Star Inn,"Street no. 9, Road 4, Mahipalpur, Delhi",1864,4.5
OYO 725 Hotel Aerodrome,"Mahipalpur, Delhi",2364,4.3
OYO 5410 Hotel Era Suites,"Mahipalpur Extension, Delhi",2007,4.3
OYO 8462 Hotel Galaxy,"Near Airport, Mahipalpur, Delhi",1752,4.4
OYO 12171 Hotel Sky View,"Mahipalpur Extention, Delhi",1750,4.4
OYO 475 Hotel Garden View,"Near Gaffar Market, Karol Bagh, Delhi",1940,4.4
OYO 13026 The Curtis,"plot no 56 , village toganpur , sector -9 , dwarka , Delhi",2387,4.4
OYO 9146 Hotel Smart Palace,"Mahipalpur, Delhi",1896,4.2
OYO 11972 Nirvana Residency,"Dwarka Sector 9., Delhi",2639,4.2
OYO Flagship 545 Rohini Pitampura,"Saraswati Vihar, Pitampura, Delhi",4215,4.0
OYO 7353 Mahipalpur,"Near Mahipalpur Bypass, Delhi",2166,4.0
OYO 443 Hotel Lohias,"Mahipalpur Extn, Near Airport, National Highway -8, Delhi",2662,4.4
OYO 2041 Hotel Silver Land,"Near Ramphal Chowk, Sector 7, Dwarka, Delhi",2049,New
OYO Flagship 573 Paharganj NDLS,"Arakashan Road, Central Delhi, Delhi",4215,New
OYO 5265 Hauz khas Metro,"S Block, Panchsheel Park, Delhi",3732,4.4
OYO 9019 Golden Park Kirti Nagar,"Near Wood Market (Mansarovar Garden) Bus Stop, Timber Market, Delhi",2857,4.4
OYO 1824 Hotel Grand Peepal,"Karol Bagh, Delhi",1800,4.4
OYO 11340 Hotel Lakshmi Palace,"Gali No 4 A block, Mahipalpur, Delhi",2179,4.4
OYO 12191 Hotel Airlift,"Street - 2, Mahipalpur, New Delhi, Delhi",1964,4.8
OYO 847 Hotel Sinon,"Road no. 6/7, Near Hotel Grand Shoba, Delhi",2087,4.8
OYO 6845 The Grand Hotel,"Near Hyundai Showroom, Kailash Colony, Delhi",2886,New
OYO 9266 Home Stay Kapoor Inn,"East Of Kailash, Delhi",2735,4.4
OYO 464 Hotel Lotus Palace,"Near Gurudwara Road, Chittaranjan Park, Delhi",2999,4.4
OYO 4184 Hotel The RTS,"Road no 2, Mahipalpur, Delhi",1979,New
OYO 10439 Ashoka Palace,"C-360/361, Ramphal Chowk, Sector 7 Dwarka, Delhi",2518,4.5
OYO 738 Hotel Green Castle,"Kashmere Gate, Delhi",2086,4.5
OYO 383 Hotel Divine Paradise,"New Friends Colony, Opposite Maharani Bagh, Delhi",3000,4.4
OYO 8352 Gera's Heritage,"Above Bank of Baroda, Kalkaji Branch, Delhi",3732,4.4
OYO 9046 Hotel Metro Star,"Near Jamia Co-Operative Bank, Jasola, Delhi",1926,4.5
OYO 10937 Hotel Balsons Continental,"East Patel Nagar, Block 8, East Patel Nagar, Patel Nagar, Delhi",2850,4.5
OYO 8305 Blessings Inn,"Police Line Marg, Pitampura, Delhi",3327,4.8
OYO 1219 Malviya Nagar,"Near Hauz Khas Metro Station, Panchsheel Park South, Delhi",3644,4.8
OYO 8751 Hotel Modesty,"Near Mahipalpur Bypass Police Chowki, Mahipalpur, Delhi",1925,New
OYO 11633 Hotel Sweet Palace,"Main Vasant Kunj Road, Mata Chowk, Mahipalpur, Delhi",1768,New
OYO 4930 Home Stay EM Residency,"Opp. CNG Station Pul, Praladpur, Pul Pehlad Pur, Delhi",1332,4.0
OYO 484 RTS Hotel,"NH8, Delhi",2528,4.0
OYO 2082 Dwarka,"Opp. HP Petrol Pump, Dwarka, Delhi",2690,4.0
OYO 474 Hotel VM Residency,"New Delhi, Delhi",2499,4.0
OYO 510 Hotel Chand Palace,"Near Sanjeevan Hospital, Paharganj, Delhi",1866,4.1
OYO 7619 Hotel Smart Stay,"Near NH8, Aerocity, Delhi",1332,4.1
OYO 2791 Hotel Arina Inn,"Near New Delhi Railway Station, Daryaganj, Delhi",2799,4.1
OYO 10750 Hotel Vivek,"Main Bazar Road, Delhi",1877,4.1
OYO 5270 Sam Hotel,"Greater Kailash-2, Delhi",3549,4.8
OYO 10824 Hotel Star Suites,"100 feet Road, Chattapur, Delhi",3626,4.8
OYO 11852 Hotel Aerostay Inn,"Near Mata Chawk, Mahipalpur, , Delhi",1817,4.1
OYO 7634 Hotel Delhi Continental,"Plot No. 8218-19, Arakashan Road, Delhi",1332,4.1
OYO 12348 Hotel Aerosky Residency,"Plot no 19 ,  sector-9 , dwarka , near dwarka sector 9 metro station , Delhi",2430,4.1
OYO 7844 Hotel Welcome Plaza,"Plot No. 15-A/53, W.E.A, Ajmal Khan Road, Karol Bagh, Delhi",1601,4.1
OYO 5244 Galaxy Rooms,"Dwarka Palam Road, Delhi",2843,3.6
OYO 2011 Apartment Tanish Residency,"Opposite Bal Bharti School, Dwarka, Delhi",2249,3.6
OYO 13107 Westend Residency,"Western Green, Main Road, Rangpuri, , Delhi",1845,New
OYO 11924 JP Residency,"F-639, Ramphal Chowk, Palam Extension, Dwarka, Delhi",2409,4.5
OYO 1986 Hotel Heritage Home,"Near RK Ashram Metro Station, Pahar Ganj, Delhi",2182,New
OYO 183 Hotel Alpine Tree,"Under Mahipalpur Flyover, Mahipalpur Extension, Delhi",4016,New
OYO 5334 Hotel Jindal Palace,"Near Prem Motor Showroom, Adjoining Vasantkunj Road, Delhi",1939,4.4
OYO 6886 Hotel Gold Palace,"Near Manas Mandir, Karol Bagh, Delhi",1937,4.4
OYO 9669 Hotel Ark of Avalon,"Behind Maruti Showroom, Vasant Kunj Road, Mahipalpur, Delhi",1833,4.4
OYO 1670 Vasant Kunj,"Near ILBS Hospital, Vasantkunj, Delhi",3260,4.4
OYO 3919 Paharganj,"DB Gupta Road, Opposite Vijaya Bank, Paharganj, Delhi",1905,New
OYO 11505 Hotel Classic Park,"Corporation Bank, Main Vasant Kunj Road, Mahipalpur Village, Mahipalpur, Delhi",1814,4.0
OYO 6408 Hotel Delhi Heart,"Near Gate No 1, Opposite Sheila Cinema, Delhi",1973,4.0
OYO 7684 Hotel Repose Villa,"Chuna Mandi, Pahar Ganj, Delhi",1926,New
OYO 503 Hotel Comfort Zone,"Near Nehru Place, Delhi",3328,4.5
OYO 9030 Hotel Delhi Airport Plaza,"Near Vijaya Bank, Mahipalpur Extension, Delhi",1794,4.5
OYO 714 Hotel De Plaza,"Near Airport, NH8 Main Road, Mahipalpur, Delhi",1799,4.3
OYO 11357 Karol Bagh,"Behind Bikanerwala, Delhi",2288,4.3
OYO 7075 Hotel Oakland,"Near HDFC Bank Nehru Place, Nehru Enclave, Delhi",2939,4.1
OYO 3196 Sapphire Inn Dx,"Near New Delhi Railway Station, Paharganj, Delhi",1840,4.1
OYO 11599 Hotel Hi Life,"Street No.-6 , Near New Delhi Station, Arakashan Road, Paharganj, Delhi",1888,4.1
OYO 7135 Hotel Blue Sapphire,"Near Karol Bagh Police Station, Karol Bagh, Delhi",1199,4.1
OYO 8265 The Olive Inn,"Near Channa Market Circle, Karol Bagh, Delhi",2423,New
OYO 696 Hotel Euro Star International,"Plot No. A-27-1, Road 1, Mahipalpur, Delhi",2240,4.4
OYO 5387 Hotel Arihant Inn,"Near BLK Hospital, Channa Market, Karol Bagh, Delhi",2639,New
OYO 367 Hotel Forest Green,"Near Gargi College, South Ex, Delhi",3193,New
OYO 463 Hotel Metro View Inn,"Near Metro Pillar No.161, Delhi",2439,4.2
OYO 6096 Hotel Maharani Palace,"Dariba Pan, Delhi",1332,4.2
OYO 3349 Hotel Anoop,"Plot No. 1566, Main Bazar, Delhi",1332,4.2
OYO 1660 Hotel Topaz,"Paharganj, Delhi",2064,4.2
OYO 497 Hotel Welcome Palace,"Near Vaishno Devi Mandir, Arakashan Road, Paharganj, Delhi",1721,4.3
OYO 3558 Hotel Le Grand,"Beside Bandhan Bank, Kalkaji Branch, Delhi",3305,4.3
OYO 9155 Hotel Maya Cottage,"Arakashan Road, Ram Nagar, Delhi",2001,New
OYO 5109 JK Hotel,"Opp. Rashmi Apartments, Pitampura, Delhi",2699,4.4
OYO 12148 Flyover INN,"4/29 A, Rishi Nagar, Pitampura, Delhi",3990,4.4
OYO 9553 Hotel Kings Plaza,"Jasola Vihar, Delhi",2467,4.2
OYO 3559 Kalkaji,"Beside Bandhan Bank, Kalkaji Branch, Delhi",2556,4.2
OYO 8404 Hotel Aerofly,"Near Airport, Mahipalpur, Delhi",1049,4.3
OYO 360 Hotel Manzil,"Near Sanjeevni Hospital, Jasola, Delhi",2950,4.3
OYO 10045 Hotel Pearl Residency,"Ramphal Chowk, Delhi",2453,New
OYO 8188 Vardhmaan Inn,"Near Chhapar Wala Chowk Nai Wala, Karol Bagh, Delhi",2012,3.3
OYO 11605 Hotel Aravali Inn,"Shanti Kunj Main, Masudpur Village, Sector D, Vasant Kunj, Delhi",1967,3.3
OYO 712 Defence Colony,"Next to Medanta and Mahajan Imaging, Defence Colony, Delhi",4799,4.1
OYO 10558 Hotel Qlark,"Near Park Hospital, Vishnu Garden, Delhi",3614,4.1
OYO 471 Hotel Sehej Continental,"Near State Bank Of India, Karol Bagh, Delhi",2150,New
OYO 1987 Paharganj,"Paharganj, Delhi",1860,New
OYO 12673 Hotel Diplomat Regency,"UER II, Near shyam mandir pochanpur. Dwarka, Sector 23B, Delhi",2320,4.4
OYO 13338 Hotel Atithi,"East Of Kailash, Block F, East of Kailash, Delhi",2935,4.4
OYO 9726 Hotel Aura Palace Deluxe,"Sangtrashan, Pahar Ganj, Delhi",1741,4.4
OYO 11405 Hotel Tej Palace,"Gali Number 2, Block A, Mahipalpur , Delhi",1897,4.4
OYO 5378 South Paradise,"CR Park, Delhi",2798,4.3
OYO 10559 Pitampura,"Saraswati Vihar, Pitampura, Delhi",3224,4.3
OYO 9821 Hotel Leo Continental,"Gali Hari Mandir Marg, Delhi",1827,3.9
OYO 6264 Vishal Guest House,"Near Khanna Cinema, Paharganj, Delhi",1601,3.9
OYO 6124 Lord Krishna Dx Inn,"Main Bazar, 6 Tooti Chowk, Delhi",1332,New
OYO 11593 Hotel Aman Guest House,"DB Gupta Road, Pahargan, Delhi",1861,New
OYO 10048 Hotel Aditya Inn,"A-Block Mahipalpur Extension, New, Delhi",2093,4.3
OYO 542 Home Stay Kalkaji,"Above ICICI Bank, Govindpuri Branch, Kalkaji, Delhi",2906,4.3
OYO 4882 Hotel Golden Park,"Opp Vardhman Mall, Sector 7 Dwarka, Delhi",2582,3.9
OYO 8336 Hotel De Gold,"Plot No. 3505-06, Bank Street, Karol Bagh, Delhi",1849,3.9
OYO 8254 AP Holiday Inn,"Near Sec 15 ICICI Bank, Sector 15, Rohini, Delhi",3732,4.2
OYO 11603 President Inn,"Meera Enclave, Near Park Hospital, Keshopur Mandi, New Chaukhandi, Vishnu Garden, Delhi",2675,4.2
OYO 2201 Hotel Royal Mirage,"Near Shakurbasti Railway Station, Rani Bagh, Delhi",3359,4.3
OYO 6188 Hotel Rossette,"Near Pizza Hut DB Gupta Road, DB Gupta Road, Delhi",2093,4.3
OYO 2984 Hotel Sun City,"Near Cafe Tafri, Channa Market, Karol Bagh, Delhi",2349,New
OYO 9534 Hotel Heights,"Sector-7, Dwarka, Delhi",2348,New
OYO 5915 Hotel Swagath,"Near Dominos, Malviya Nagar, Delhi",3666,4.2
OYO 580 Hotel Airport City,"Mahipalpur Extension, Delhi",2356,4.2
OYO 10938 Sheraton Grand,"Kapil Vihar 168 , Pitampura, Delhi",4033,4.2
OYO 524 Hotel Sun International,"Paharganj, Delhi",1832,4.2
OYO 10223 Hotel Clouds 21,"Vasanth Kunj Road, Mahipalpur, Delhi",1995,4.6
OYO 5414 Home Stay South Plaza,"Near Kohinoor Mall, Greater Kailash-2, Delhi",2954,4.6
OYO 5382 Hotel Elegant International,"Ajmal Khan Road, Karol Bagh, Delhi",2313,4.3
OYO 5401 Hotel Mid Town,"Opp. Bank of Barodra, Ajmal Khan Rd, Delhi",2229,4.3
OYO 2599 Anantkoti Hotel,"Maidan Garhi Road, Chattarpur, Delhi",2880,4.0
OYO 630 Hotel Innova Homes,"Safdarjung, Delhi",2313,4.0
OYO 11583 Hotel Prime View,"Main Chhatarpur Road, Aflatoon Market, Asola, Delhi",2940,4.3
OYO 10381 Hotel Aerodrome Palace,"NH8, Mahipalpur , Delhi",2156,4.3
OYO 9042 Hotel Jai Balaji,"Multani Dhanda, Paharganj, Delhi",1750,3.9
OYO 526 Hotel Mayesha Inn,"Near F-Block Bus Stop, Kirti Nagar, Delhi",3142,3.9
OYO 6596 Hotel Flight Path,"Near Airport T3, Mahipalpur, Delhi",2284,4.3
OYO 5434 Hotel Delhi Delight,"Ahata Thakur Dass, Sarai Rohilla, Karol Bagh, Delhi",1966,4.3
OYO 9233 Hotel Cottage Lord krishna,"Main Bazar, 6 Tooti Chowk, Paharganj, Delhi",1790,4.1
OYO 11594 Hotel TVS,"Multani dhanda, Arakashan Road , Delhi",1899,4.1
OYO 6169 Hotel Prem Deluxe,"Near New Delhi Railway Station, Paharganj, Delhi",1765,New
OYO 10557 Hotel Le Mount,"Street number 5, Mahipalpur , Delhi",2085,New
OYO 10960 Hotel Royal India,"Road no 32, Punjabi Bagh, Delhi",3411,4.3
OYO 551 Hotel York,"Near Rajiv Chowk Metro Station, Connaught Circus, Delhi",4241,4.3
OYO 9029 Hotel Grand Shoba,"Near Mahipalpur Bypass Police Chowki, Mahipalpur Extension, Delhi",1891,4.3
OYO 11325 Hotel Superb,"Chuna Mandi, Paharganj, Delhi",3272,4.3
OYO 828 Airport Delhi,"Gali No 3 A-Block Mahipalpur Extension, Mahipalpur Village, Mahipalpur, Delhi",1884,4.0
OYO 11332 Hotel Daffodils Inn,"Inner Circle Near Rajiv Chowk Metro Station Gate No.5, Delhi",2929,4.0
OYO 11352 Hotel Shanti Villa,"Nalwa Street , Chuna Mandi, Delhi",2006,4.7
OYO 8933 Hotel CG International,"Near New Delhi Railway Station, Paharganj, Delhi",1889,4.7
OYO 5409 Mahipalpur,"Mahipalpur, Delhi",1802,3.6
OYO 512 Hotel Aman Inn,"Opp. The State Bank of India, Paharganj, Delhi",1601,3.6
OYO 8505 Hotel Ashu Palace,"Near Apra International, Karol Bagh, Delhi",2154,New
OYO 10795 Hotel RS Residency,"Gali number 4, Mahipalpur , Delhi",1946,4.3
OYO 8968 Hotel Le Comfort,"Vasant Kunj Bypass, Mahipalpur, Delhi",2021,4.3
OYO 5383 Hotel The Under Bridge,"Near Ashram Chowk , Maharani Bagh Road, Delhi",2778,4.3
OYO 3472 Hotel Rama Inn,"Near New Delhi Railway Station, Arakashan Road, Delhi",2026,4.3
OYO 8967 Hotel Aeroporto,"Road No-2, Mahipalpur, Delhi",1967,New
OYO 12738 Hotel Diamond,"Road 3, Mahipalpur Extension, Delhi",1938,New
OYO 2227 Hotel Chalet,"Near PVR Saket, Delhi",3320,4.5
OYO 2407 Hotel Gera's M1,"Near Kotak Mahindara Bank, Kalkaji Branch, Delhi",2753,New
OYO 11625 Cosy Tree,"Plot no 82, Jasola Vihar, Pocket-1, Delhi",2866,New
OYO 11071 Hotel Tisya,"Vardhman Market, Pitampura, Delhi",3958,4.6
OYO 9147 Hotel Aerostay,"Vasant Kunj Road, Mahipalpur, Delhi",2045,4.6
OYO 2373 Hotel D inn,"Opp. Shiela Cinema, Delhi",2176,4.6
OYO 9762 Hotel Toronto,"Paharganj, Delhi",2166,4.6
OYO 12519 Hotel Sun Palace,"T-2394, Faiz Road, Karol Bagh, Delhi",2180,4.8
OYO 9761 Hotel Clark Heights,"1/1  New delhi , opposite metro pillar number 209, west patel nagar,, Delhi",2703,4.8
OYO 2894 Hotel Guru Vas Inn,"Near New Delhi Railway Station, Paharganj, Delhi",2058,4.4
OYO 472 Hotel Sareen,"Behind Karnataka Bank, Kalkaji, Delhi",2600,4.4
OYO 10556 Hotel India International,"Nalwa St, Chuna Mandi, Delhi",2678,4.1
OYO 2705 Hotel Preet Palace,"Jangpura B, Delhi",2199,4.1
OYO 4212 Hotel Vedas Heritage,"Near BLK Hospital, Karol Bagh, Delhi",2408,4.2
OYO 11384 Hotel Diamond Blue,"Main, Vasant Kunj Road, Mahipalpur, Behind ICICI Bank, Mahipalpur Extension, Mahipalpur, Delhi",1920,4.2
OYO 5494 Hotel Odeon Continental,"Paharganj, New Delhi, Delhi",2107,4.3
OYO 11201 Near Bhikaji Cama Place,"Opp. Bhikaji Cama Palace, Delhi",3669,4.3
OYO 466 Hotel Lotus B&B,"CR Park, Delhi",2970,4.1
OYO 403 Hotel Sisley The Boutique,"Near HDFC Bank, Karol Bagh Police Station, Desh Bandhu Gupta Road, Delhi",2520,4.1
OYO 9570 Hotel Pulse Impulse,"Maharani Bagh, Delhi",2275,4.0
OYO 9642 Hotel Mohan Vilaas,"Opp. Gurudwara, Nangli Poona, Delhi",3050,4.0
OYO 12235 Hotel Bliss Continental,"Road - 4, street - 7, A block, Mahipalpur, Delhi",2048,New
OYO 10560 Hotel Sehrawat Inn,"Gali No. 3, Mahipalpur, Delhi",1850,New
OYO 2066 Vikaspuri,"Above More Grocery Store, Vikaspuri, Delhi",2396,4.7
OYO 5331 Zara Grand,"Near Green Park Metro Station, Green Park Extension, Delhi",4208,4.7
OYO 11504 N D Star Residency,"Near Mata Chowk, Mahipalpur, Delhi",1803,4.7
OYO 9643 Hotel All Heavens,"Wazirpur Ring Road, Delhi",2666,4.7
OYO 5795 Karol Bagh,"Opp. HDFC Bank, DB Gupta Road, Karol Bagh, Delhi",1923,New
OYO 12532 Hotel Broadway Inn,"Nehru Enclave, Opposite Modi Tower, Nehru Place, Block C, Delhi",3559,New
OYO 5533 Bafel Residency,"Near Gold Gym, Palam Extension, Delhi",2421,4.1
OYO 3865 Hotel Corporate Park,"Greater Kailash Enclave I, Delhi",2900,4.1
OYO 1801 Hotel Divine Inn,"New Friends colony, Delhi",2854,4.5
OYO 11312 Hotel Aero Capitol,"Road Number 4, Delhi",2378,4.5
OYO 5392 Hotel Raj,"Arakashan Road, Paharganj, Delhi",2099,3.9
OYO 10563 Hotel All Iz Well,"Main Bazar Road, Paharganj, Delhi",2484,3.9
OYO 358 Hotel Golden Leaf,"Near AIIMS Trauma Center, Delhi",3465,4.4
OYO 10562 Paharganj,"DB Gupta Road, Paharganj, Delhi",2678,4.4
OYO 385 Hotel Mehra Residency,"Behind Vardhman Crown Mall, Dwarka, Delhi",2294,4.5
OYO 4883 Duke Hotel,"Near Red Fort, Delhi",2946,4.5
OYO 543 La Ola Boutique Hotel,"Opp. Sapna Cinema, East of Kailash, Delhi",3215,4.1
OYO 11003 Lemon Grass Residency,"CR Park Main Road, Delhi",2916,4.1
OYO 9272 Hotel South View,"Chirag Enclave, Opposite Nehru Place, Delhi",3101,New
OYO 9999 Hotel Sea Heaven,"Paschim Vihar, New Delhi, Delhi",3044,New
OYO 393 Hotel RK Grand Inn,"Near Peeragarhi Metro Station, Peeraghari Chowk, Delhi",2975,4.1
OYO 5696 R Continental,"Near Paharganj Police Station, Near Maharashtra Bhawan, Delhi",2180,4.1
OYO 12464 Hotel C Pearls,"Above VISHAL MEGA MART, Metro Pillar no 511, Main Rohtak Road, Delhi",3732,4.1
OYO 9720 Home Stay Virat Residency,"Greater Kailash-II, Delhi",2729,4.1
OYO 12982 Hotel International Inn,"National Highway No. 8, Block RZ, Mahipalpur Village, Mahipalpur, , Delhi",2012,3.7
OYO 411 Hotel Relaxinn,"Metro Pillar No. 162, Delhi",3099,3.7
OYO 626 Hotel Shubham Vilas,"Opp. TDI Mall, Rajouri Garden, Rajouri Garden, Delhi",4215,3.6
OYO 518 Hotel Sundeep Inn,"Near Holy Angels Hospital, Vasant vihar, Delhi",3499,3.6
OYO 9536 Bee For Home Stay,"Safdarjung Enclave, Delhi",3974,4.0
OYO 1482 Hotel Gem 92,"Kalkaji, Delhi",3011,4.0
OYO 3594 Kamla Nagar,"Above Allahabad Bank, Opp. Parmarth Hospital, Delhi",2464,New
OYO 11611 Royal Palace Inn,"Rohtak Rd, A1 Block Paschim Vihar, Block A, Delhi",3578,New
OYO 12503 Hotel Corner Point,"1st Floor, Gali no. 6, Arakashan Rd, Delhi",2069,3.7
OYO 12739 Mahesh Inn,"Ghee Mandi ( Near New Delhi Railway Station), Delhi",2080,3.7
OYO 12995 Hotel Delhi 37,"National Highway No. 8, Near I.G.I Domestic Airport,  Block RZ, Mahipalpur Village, Mahipalpur, , Delhi",2004,New
OYO 8534 Golden Park,"Opp. Shagun Jwellers, Pashchim Vihar, Delhi",2349,New
OYO 397 Hotel RR Residency,"Pankha Road, Dabri Mor, Delhi",2599,4.4
OYO 632 Hotel JMD luxury home,"Near DPS Public School, Vasant Kunj, Delhi",2799,4.4
