OYO 8404 Hotel Aerofly,"Near Airport, Mahipalpur, Delhi",1049,New
OYO 7634 Hotel Delhi Continental,"Plot No. 8218-19, Arakashan Road, Delhi",1332,New
OYO 3349 Hotel Anoop,"Plot No. 1566, Main Bazar, Delhi",1332,3.7
OYO 7619 Hotel Smart Stay,"Near NH8, Aerocity, Delhi",1332,3.7
OYO 7844 Hotel Welcome Plaza,"Plot No. 15-A/53, W.E.A, Ajmal Khan Road, Karol Bagh, Delhi",1601,3.7
OYO 497 Hotel Welcome Palace,"Near Vaishno Devi Mandir, Arakashan Road, Paharganj, Delhi",1721,3.7
OYO 9726 Hotel Aura Palace Deluxe,"Sangtrashan, Pahar Ganj, Delhi",1741,4.3
OYO 12171 Hotel Sky View,"Mahipalpur Extention, Delhi",1750,4.3
OYO 6169 Hotel Prem Deluxe,"Near New Delhi Railway Station, Paharganj, Delhi",1765,4.4
OYO 11633 Hotel Sweet Palace,"Main Vasant Kunj Road, Mata Chowk, Mahipalpur, Delhi",1768,4.4
OYO 4930 Home Stay EM Residency,"Opp. CNG Station Pul, Praladpur, Pul Pehlad Pur, Delhi",1332,New
OYO 6124 Lord Krishna Dx Inn,"Main Bazar, 6 Tooti Chowk, Delhi",1332,4.6
OYO 512 Hotel Aman Inn,"Opp. The State Bank of India, Paharganj, Delhi",1601,4.6
OYO 6264 Vishal Guest House,"Near Khanna Cinema, Paharganj, Delhi",1601,4.4
OYO 9148 Hotel Global Inn,"Mahipalpur, Delhi",1695,4.4
OYO 7578 Hotel Luck Residency,"Near Airport, Mahipalpur, Delhi",1734,New
OYO 9042 Hotel Jai Balaji,"Multani Dhanda, Paharganj, Delhi",1750,4.1
OYO 8462 Hotel Galaxy,"Near Airport, Mahipalpur, Delhi",1752,4.1
OYO 12732 Avalon Palace,"Opposite Arjun Camp, Mahipalpur Bypass Road, Delhi",1767,4.4
OYO 9233 Hotel Cottage Lord krishna,"Main Bazar, 6 Tooti Chowk, Paharganj, Delhi",1790,4.4
OYO 9030 Hotel Delhi Airport Plaza,"Near Vijaya Bank, Mahipalpur Extension, Delhi",1794,New
OYO 714 Hotel De Plaza,"Near Airport, NH8 Main Road, Mahipalpur, Delhi",1799,New
OYO 5409 Mahipalpur,"Mahipalpur, Delhi",1802,4.6
OYO 11504 N D Star Residency,"Near Mata Chowk, Mahipalpur, Delhi",1803,4.6
OYO 11852 Hotel Aerostay Inn,"Near Mata Chawk, Mahipalpur, , Delhi",1817,4.6
OYO 524 Hotel Sun International,"Paharganj, Delhi",1832,4.6
OYO 2680 Hotel Presidency,"D.B. Gupta Road, Delhi",1838,3.8
OYO 13107 Westend Residency,"Western Green, Main Road, Rangpuri, , Delhi",1845,3.8
OYO 10560 Hotel Sehrawat Inn,"Gali No. 3, Mahipalpur, Delhi",1850,3.9
OYO 11593 Hotel Aman Guest House,"DB Gupta Road, Pahargan, Delhi",1861,3.9
OYO 7655 Om Paradise Hotel,"Mahipalpur, Delhi",1799,3.9
OYO 1824 Hotel Grand Peepal,"Karol Bagh, Delhi",1800,3.9
OYO 9150 Hotel Tourist Palace,"Mahipalpur, Delhi",1803,4.5
OYO 11505 Hotel Classic Park,"Corporation Bank, Main Vasant Kunj Road, Mahipalpur Village, Mahipalpur, Delhi",1814,4.5
OYO 9821 Hotel Leo Continental,"Gali Hari Mandir Marg, Delhi",1827,4.0
OYO 9669 Hotel Ark of Avalon,"Behind Maruti Showroom, Vasant Kunj Road, Mahipalpur, Delhi",1833,4.0
OYO 3196 Sapphire Inn Dx,"Near New Delhi Railway Station, Paharganj, Delhi",1840,4.3
OYO 8336 Hotel De Gold,"Plot No. 3505-06, Bank Street, Karol Bagh, Delhi",1849,4.3
OYO 1987 Paharganj,"Paharganj, Delhi",1860,3.3
OYO 12675 Hotel Star Inn,"Street no. 9, Road 4, Mahipalpur, Delhi",1864,3.3
OYO 510 Hotel Chand Palace,"Near Sanjeevan Hospital, Paharganj, Delhi",1866,New
OYO 828 Airport Delhi,"Gali No 3 A-Block Mahipalpur Extension, Mahipalpur Village, Mahipalpur, Delhi",1884,New
OYO 8933 Hotel CG International,"Near New Delhi Railway Station, Paharganj, Delhi",1889,3.7
OYO 11690 Hotel Viva Palace,"Block-F, Mahipalpur Village, Delhi",1893,3.7
OYO 11405 Hotel Tej Palace,"Gali Number 2, Block A, Mahipalpur , Delhi",1897,3.7
OYO 12419 Hotel Silver Shine,"Sangatrashan Chowk, Paharganj,, Delhi",1899,3.7
OYO 9786 Hotel Aerolook,"Road No 04. Street No 06, Mahipalpur Ext., Block A, Mahipalpur Village, Mahipalpur, Delhi",1906,New
OYO 5795 Karol Bagh,"Opp. HDFC Bank, DB Gupta Road, Karol Bagh, Delhi",1923,3.5
OYO 7684 Hotel Repose Villa,"Chuna Mandi, Pahar Ganj, Delhi",1926,3.5
OYO 6886 Hotel Gold Palace,"Near Manas Mandir, Karol Bagh, Delhi",1937,4.2
OYO 10750 Hotel Vivek,"Main Bazar Road, Delhi",1877,4.2
OYO 11599 Hotel Hi Life,"Street No.-6 , Near New Delhi Station, Arakashan Road, Paharganj, Delhi",1888,4.4
OYO 9029 Hotel Grand Shoba,"Near Mahipalpur Bypass Police Chowki, Mahipalpur Extension, Delhi",1891,4.4
OYO 9146 Hotel Smart Palace,"Mahipalpur, Delhi",1896,3.9
OYO 11594 Hotel TVS,"Multani dhanda, Arakashan Road , Delhi",1899,3.9
OYO 3919 Paharganj,"DB Gupta Road, Opposite Vijaya Bank, Paharganj, Delhi",1905,4.4
OYO 11384 Hotel Diamond Blue,"Main, Vasant Kunj Road, Mahipalpur, Behind ICICI Bank, Mahipalpur Extension, Mahipalpur, Delhi",1920,4.4
OYO 8751 Hotel Modesty,"Near Mahipalpur Bypass Police Chowki, Mahipalpur, Delhi",1925,4.7
OYO 9046 Hotel Metro Star,"Near Jamia Co-Operative Bank, Jasola, Delhi",1926,4.7
OYO 12738 Hotel Diamond,"Road 3, Mahipalpur Extension, Delhi",1938,4.5
OYO 5334 Hotel Jindal Palace,"Near Prem Motor Showroom, Adjoining Vasantkunj Road, Delhi",1939,New
OYO 10795 Hotel RS Residency,"Gali number 4, Mahipalpur , Delhi",1946,New
OYO 12191 Hotel Airlift,"Street - 2, Mahipalpur, New Delhi, Delhi",1964,4.5
OYO 8967 Hotel Aeroporto,"Road No-2, Mahipalpur, Delhi",1967,4.5
OYO 6408 Hotel Delhi Heart,"Near Gate No 1, Opposite Sheila Cinema, Delhi",1973,4.5
OYO 10223 Hotel Clouds 21,"Vasanth Kunj Road, Mahipalpur, Delhi",1995,4.5
OYO 12995 Hotel Delhi 37,"National Highway No. 8, Near I.G.I Domestic Airport,  Block RZ, Mahipalpur Village, Mahipalpur, , Delhi",2004,4.4
OYO 5410 Hotel Era Suites,"Mahipalpur Extension, Delhi",2007,4.4
OYO 8188 Vardhmaan Inn,"Near Chhapar Wala Chowk Nai Wala, Karol Bagh, Delhi",2012,4.8
OYO 3472 Hotel Rama Inn,"Near New Delhi Railway Station, Arakashan Road, Delhi",2026,4.8
OYO 475 Hotel Garden View,"Near Gaffar Market, Karol Bagh, Delhi",1940,4.1
OYO 13455 Rama Krishna Hotel,"NH 8, Mahipalpur Extension, New Delhi, Delhi",1952,4.1
OYO 5434 Hotel Delhi Delight,"Ahata Thakur Dass, Sarai Rohilla, Karol Bagh, Delhi",1966,4.1
OYO 11605 Hotel Aravali Inn,"Shanti Kunj Main, Masudpur Village, Sector D, Vasant Kunj, Delhi",1967,4.1
OYO 4184 Hotel The RTS,"Road no 2, Mahipalpur, Delhi",1979,4.3
OYO 9155 Hotel Maya Cottage,"Arakashan Road, Ram Nagar, Delhi",2001,4.3
OYO 11352 Hotel Shanti Villa,"Nalwa Street , Chuna Mandi, Delhi",2006,New
OYO 12982 Hotel International Inn,"National Highway No. 8, Block RZ, Mahipalpur Village, Mahipalpur, , Delhi",2012,New
OYO 8968 Hotel Le Comfort,"Vasant Kunj Bypass, Mahipalpur, Delhi",2021,4.3
OYO 12190 Blue Umbrella,"Dhakka Main Road Kingsway Camp Gtb Nagar, Delhi",2027,4.3
OYO 9147 Hotel Aerostay,"Vasant Kunj Road, Mahipalpur, Delhi",2045,New
OYO 305 Hotel Rajdeep Palace,"Near Bank of Baroda, New Friends Colony, Delhi",2049,New
OYO 2894 Hotel Guru Vas Inn,"Near New Delhi Railway Station, Paharganj, Delhi",2058,4.2
OYO 12503 Hotel Corner Point,"1st Floor, Gali no. 6, Arakashan Rd, Delhi",2069,4.2
OYO 12739 Mahesh Inn,"Ghee Mandi ( Near New Delhi Railway Station), Delhi",2080,4.2
OYO 738 Hotel Green Castle,"Kashmere Gate, Delhi",2086,4.2
OYO 6188 Hotel Rossette,"Near Pizza Hut DB Gupta Road, DB Gupta Road, Delhi",2093,4.3
OYO 5392 Hotel Raj,"Arakashan Road, Paharganj, Delhi",2099,4.3
OYO 471 Hotel Sehej Continental,"Near State Bank Of India, Karol Bagh, Delhi",2150,4.2
OYO 10381 Hotel Aerodrome Palace,"NH8, Mahipalpur , Delhi",2156,4.2
OYO 12235 Hotel Bliss Continental,"Road - 4, street - 7, A block, Mahipalpur, Delhi",2048,3.4
OYO 2041 Hotel Silver Land,"Near Ramphal Chowk, Sector 7, Dwarka, Delhi",2049,3.4
OYO 1660 Hotel Topaz,"Paharganj, Delhi",2064,3.5
OYO 13299 Hotel Blue Pearl,"Arakashan Road, Paharganj, Delhi",2077,3.5
OYO 10557 Hotel Le Mount,"Street number 5, Mahipalpur , Delhi",2085,4.0
OYO 847 Hotel Sinon,"Road no. 6/7, Near Hotel Grand Shoba, Delhi",2087,4.0
OYO 10048 Hotel Aditya Inn,"A-Block Mahipalpur Extension, New, Delhi",2093,4.5
OYO 5494 Hotel Odeon Continental,"Paharganj, New Delhi, Delhi",2107,4.5
OYO 8505 Hotel Ashu Palace,"Near Apra International, Karol Bagh, Delhi",2154,4.3
OYO 10274 Hotel Aamara,"Block A road no 4 street no 9 Mahipalpur Ext, Delhi",2160,4.3
OYO 9762 Hotel Toronto,"Paharganj, Delhi",2166,New
OYO 6109 Le Grand,"Near RK Ashram Metro Station, Gali No 7, Delhi",2173,New
OYO 11340 Hotel Lakshmi Palace,"Gali No 4 A block, Mahipalpur, Delhi",2179,4.3
OYO 5696 R Continental,"Near Paharganj Police Station, Near Maharashtra Bhawan, Delhi",2180,4.3
OYO 2705 Hotel Preet Palace,"Jangpura B, Delhi",2199,4.3
OYO 8497 near Delhi Airport,"Near Airport, Mahipalpur, Delhi",2218,4.3
OYO 696 Hotel Euro Star International,"Plot No. A-27-1, Road 1, Mahipalpur, Delhi",2240,4.2
OYO 7205 Golden Residency,"Main Mahiveer Enclave in front of Sulabh International Dabri Palam Road, Delhi",2249,4.2
OYO 9570 Hotel Pulse Impulse,"Maharani Bagh, Delhi",2275,4.4
OYO 11357 Karol Bagh,"Behind Bikanerwala, Delhi",2288,4.4
OYO 7353 Mahipalpur,"Near Mahipalpur Bypass, Delhi",2166,4.0
OYO 2373 Hotel D inn,"Opp. Shiela Cinema, Delhi",2176,4.0
OYO 12519 Hotel Sun Palace,"T-2394, Faiz Road, Karol Bagh, Delhi",2180,4.1
OYO 1986 Hotel Heritage Home,"Near RK Ashram Metro Station, Pahar Ganj, Delhi",2182,4.1
OYO 13301 Mayesha residency,"plot no 17, Dwarka Sector 9, Dwarka, Delhi",2201,4.4
OYO 5401 Hotel Mid Town,"Opp. Bank of Barodra, Ajmal Khan Rd, Delhi",2229,4.4
OYO 2011 Apartment Tanish Residency,"Opposite Bal Bharti School, Dwarka, Delhi",2249,3.9
OYO 13541 Otani Hotel,"Padam Singh Road, Near Pizza Hut , Karol Bagh , Delhi",2260,3.9
OYO 6596 Hotel Flight Path,"Near Airport T3, Mahipalpur, Delhi",2284,New
OYO 385 Hotel Mehra Residency,"Behind Vardhman Crown Mall, Dwarka, Delhi",2294,3.7
OYO 5382 Hotel Elegant International,"Ajmal Khan Road, Karol Bagh, Delhi",2313,New
OYO 12673 Hotel Diplomat Regency,"UER II, Near shyam mandir pochanpur. Dwarka, Sector 23B, Delhi",2320,New
OYO 2984 Hotel Sun City,"Near Cafe Tafri, Channa Market, Karol Bagh, Delhi",2349,4.4
OYO 9273 Surya Palace,"Sector 7, Ramphal Chowk, Delhi",2354,4.4
OYO 725 Hotel Aerodrome,"Mahipalpur, Delhi",2364,4.4
OYO 13026 The Curtis,"plot no 56 , village toganpur , sector -9 , dwarka , Delhi",2387,4.4
OYO 8253 Golden Heights,"Plot No. C-1028A , Opposite Shri Makhan Sweet, Sector 07, Ramphal Chowk, Dwarka, Delhi",2399,4.2
OYO 11924 JP Residency,"F-639, Ramphal Chowk, Palam Extension, Dwarka, Delhi",2409,4.2
OYO 8265 The Olive Inn,"Near Channa Market Circle, Karol Bagh, Delhi",2423,4.1
OYO 12348 Hotel Aerosky Residency,"Plot no 19 ,  sector-9 , dwarka , near dwarka sector 9 metro station , Delhi",2430,4.1
OYO 630 Hotel Innova Homes,"Safdarjung, Delhi",2313,4.5
OYO 9534 Hotel Heights,"Sector-7, Dwarka, Delhi",2348,4.5
OYO 8534 Golden Park,"Opp. Shagun Jwellers, Pashchim Vihar, Delhi",2349,3.9
OYO 580 Hotel Airport City,"Mahipalpur Extension, Delhi",2356,3.9
OYO 11312 Hotel Aero Capitol,"Road Number 4, Delhi",2378,4.0
OYO 2066 Vikaspuri,"Above More Grocery Store, Vikaspuri, Delhi",2396,4.0
OYO 4212 Hotel Vedas Heritage,"Near BLK Hospital, Karol Bagh, Delhi",2408,4.7
OYO 5533 Bafel Residency,"Near Gold Gym, Palam Extension, Delhi",2421,4.7
OYO 9268 Hotel Arch,"Near IGI Airport, Mahipalpur, Delhi",2425,New
OYO 463 Hotel Metro View Inn,"Near Metro Pillar No.161, Delhi",2439,4.1
OYO 10008 Hotel Golden Tree,"sector 12/A, Dwarka-45, Delhi",2452,New
OYO 10045 Hotel Pearl Residency,"Ramphal Chowk, Delhi",2453,New
OYO 9553 Hotel Kings Plaza,"Jasola Vihar, Delhi",2467,4.5
OYO 3408 near AIIMS,"South Extension-ll, Delhi",2499,4.5
OYO 10439 Ashoka Palace,"C-360/361, Ramphal Chowk, Sector 7 Dwarka, Delhi",2518,4.5
OYO 484 RTS Hotel,"NH8, Delhi",2528,4.5
OYO 3559 Kalkaji,"Beside Bandhan Bank, Kalkaji Branch, Delhi",2556,4.8
OYO 397 Hotel RR Residency,"Pankha Road, Dabri Mor, Delhi",2599,4.8
OYO 472 Hotel Sareen,"Behind Karnataka Bank, Kalkaji, Delhi",2600,4.1
OYO 11972 Nirvana Residency,"Dwarka Sector 9., Delhi",2639,4.1
OYO 10032 Dwarka,"sector 7, Delhi",2453,3.6
OYO 3594 Kamla Nagar,"Above Allahabad Bank, Opp. Parmarth Hospital, Delhi",2464,3.6
OYO 10563 Hotel All Iz Well,"Main Bazar Road, Paharganj, Delhi",2484,4.7
OYO 474 Hotel VM Residency,"New Delhi, Delhi",2499,4.7
OYO 403 Hotel Sisley The Boutique,"Near HDFC Bank, Karol Bagh Police Station, Desh Bandhu Gupta Road, Delhi",2520,4.8
OYO 13052 Hotel Conclave Inn,"Nehru Enclave , Outer Ring Road, Delhi",2535,4.8
OYO 4882 Hotel Golden Park,"Opp Vardhman Mall, Sector 7 Dwarka, Delhi",2582,4.2
OYO 7304 Home Stay Jangpura,"Opp Kashmiri Park, Jangpura Extension, Delhi",2599,4.2
OYO 5387 Hotel Arihant Inn,"Near BLK Hospital, Channa Market, Karol Bagh, Delhi",2639,3.9
OYO 443 Hotel Lohias,"Mahipalpur Extn, Near Airport, National Highway -8, Delhi",2662,3.9
OYO 9643 Hotel All Heavens,"Wazirpur Ring Road, Delhi",2666,New
OYO 10556 Hotel India International,"Nalwa St, Chuna Mandi, Delhi",2678,New
OYO 11952 Hotel Royal India,"Lajwanti Garden, Janakpuri, Delhi",2683,4.4
OYO 5109 JK Hotel,"Opp. Rashmi Apartments, Pitampura, Delhi",2699,4.4
OYO Flagship 589 Dwarka,"Plot No.16, Pocket C8, Sector 17, Dwarka, Delhi",2717,4.4
OYO 9266 Home Stay Kapoor Inn,"East Of Kailash, Delhi",2735,4.4
OYO 12911 Velvet inn,"A-1/681-682, sector-6 , rohini , Delhi",2771,4.3
OYO 5378 South Paradise,"CR Park, Delhi",2798,4.3
OYO 2791 Hotel Arina Inn,"Near New Delhi Railway Station, Daryaganj, Delhi",2799,4.6
OYO 13235 The Golden Door,"GK 2, Near M block market, New Delhi, Delhi",2815,4.6
OYO 11603 President Inn,"Meera Enclave, Near Park Hospital, Keshopur Mandi, New Chaukhandi, Vishnu Garden, Delhi",2675,4.3
OYO 10562 Paharganj,"DB Gupta Road, Paharganj, Delhi",2678,4.3
OYO 2082 Dwarka,"Opp. HP Petrol Pump, Dwarka, Delhi",2690,4.0
OYO 9761 Hotel Clark Heights,"1/1  New delhi , opposite metro pillar number 209, west patel nagar,, Delhi",2703,4.0
OYO 9720 Home Stay Virat Residency,"Greater Kailash-II, Delhi",2729,4.4
OYO 2407 Hotel Gera's M1,"Near Kotak Mahindara Bank, Kalkaji Branch, Delhi",2753,4.4
OYO 5383 Hotel The Under Bridge,"Near Ashram Chowk , Maharani Bagh Road, Delhi",2778,4.4
OYO 632 Hotel JMD luxury home,"Near DPS Public School, Vasant Kunj, Delhi",2799,4.4
OYO 8481 Le Tara Residency,"Sector 12B, Dwarka, Delhi",2809,4.2
OYO 5244 Galaxy Rooms,"Dwarka Palam Road, Delhi",2843,4.2
OYO 10937 Hotel Balsons Continental,"East Patel Nagar, Block 8, East Patel Nagar, Patel Nagar, Delhi",2850,New
OYO 9019 Golden Park Kirti Nagar,"Near Wood Market (Mansarovar Garden) Bus Stop, Timber Market, Delhi",2857,New
OYO 2599 Anantkoti Hotel,"Maidan Garhi Road, Chattarpur, Delhi",2880,4.3
OYO 707 Hotel A-17,"Opp. Defence Colony, A Block Mosque, Delhi",2899,4.3
OYO 542 Home Stay Kalkaji,"Above ICICI Bank, Govindpuri Branch, Kalkaji, Delhi",2906,4.3
OYO 11332 Hotel Daffodils Inn,"Inner Circle Near Rajiv Chowk Metro Station Gate No.5, Delhi",2929,4.3
OYO 7075 Hotel Oakland,"Near HDFC Bank Nehru Place, Nehru Enclave, Delhi",2939,4.5
OYO 4883 Duke Hotel,"Near Red Fort, Delhi",2946,4.5
OYO 5414 Home Stay South Plaza,"Near Kohinoor Mall, Greater Kailash-2, Delhi",2954,4.0
OYO 393 Hotel RK Grand Inn,"Near Peeragarhi Metro Station, Peeraghari Chowk, Delhi",2975,4.0
OYO 1801 Hotel Divine Inn,"New Friends colony, Delhi",2854,3.5
OYO 11625 Cosy Tree,"Plot no 82, Jasola Vihar, Pocket-1, Delhi",2866,3.5
OYO 6845 The Grand Hotel,"Near Hyundai Showroom, Kailash Colony, Delhi",2886,3.7
OYO 3865 Hotel Corporate Park,"Greater Kailash Enclave I, Delhi",2900,3.7
OYO 11003 Lemon Grass Residency,"CR Park Main Road, Delhi",2916,4.5
OYO 13338 Hotel Atithi,"East Of Kailash, Block F, East of Kailash, Delhi",2935,4.5
OYO 11583 Hotel Prime View,"Main Chhatarpur Road, Aflatoon Market, Asola, Delhi",2940,3.9
OYO 360 Hotel Manzil,"Near Sanjeevni Hospital, Jasola, Delhi",2950,3.9
OYO 466 Hotel Lotus B&B,"CR Park, Delhi",2970,4.4
OYO 369 Hotel The Lorenz,"Near SBI Intouch, Jasola, Jasola, Delhi",2999,4.4
OYO 448 Hotel Pals Inn,"Near Central Park, East Patel Nagar, Main Market, Delhi",2999,New
OYO 383 Hotel Divine Paradise,"New Friends Colony, Opposite Maharani Bagh, Delhi",3000,New
OYO 9999 Hotel Sea Heaven,"Paschim Vihar, New Delhi, Delhi",3044,4.2
OYO 411 Hotel Relaxinn,"Metro Pillar No. 162, Delhi",3099,4.2
OYO 12075 Hotel Regalia Retreat,"Hansraj Gupta Marg, Block E, Kailash Kunj, Greater Kailash, Delhi",3110,4.2
OYO 526 Hotel Mayesha Inn,"Near F-Block Bus Stop, Kirti Nagar, Delhi",3142,4.2
OYO 980 Hotel Ramhan,"Behind Patel Nagar Metro Station, East Patel Nagar, Delhi",3175,4.5
OYO 543 La Ola Boutique Hotel,"Opp. Sapna Cinema, East of Kailash, Delhi",3215,4.5
OYO 476 Hotel Gera's,"Opp. Karnataka Bank, Kalkaji Branch, Delhi",3242,New
OYO 11325 Hotel Superb,"Chuna Mandi, Paharganj, Delhi",3272,3.7
OYO 464 Hotel Lotus Palace,"Near Gurudwara Road, Chittaranjan Park, Delhi",2999,3.7
OYO 1482 Hotel Gem 92,"Kalkaji, Delhi",3011,4.4
OYO 9642 Hotel Mohan Vilaas,"Opp. Gurudwara, Nangli Poona, Delhi",3050,4.4
OYO 9272 Hotel South View,"Chirag Enclave, Opposite Nehru Place, Delhi",3101,4.4
OYO 13451 Star Corporate Avenue,"Africa Ave, Block A 2, , Nauroji Nagar, Safdarjung Enclave, Delhi",3124,4.4
OYO 2177 Hotel Jashn's inn,"Beside HDFC Bank, Jasola, Delhi",3152,4.6
OYO 367 Hotel Forest Green,"Near Gargi College, South Ex, Delhi",3193,4.6
OYO 10559 Pitampura,"Saraswati Vihar, Pitampura, Delhi",3224,4.4
OYO 1670 Cotts Villa,"Near ILBS Hospital, Vasantkunj, Delhi",3260,4.4
OYO 2357 Home Stay The Excellency,"Near Aurobindo College, Delhi",3299,4.2
OYO 3558 Hotel Le Grand,"Beside Bandhan Bank, Kalkaji Branch, Delhi",3305,New
OYO 8305 Blessings Inn,"Police Line Marg, Pitampura, Delhi",3327,New
OYO 2201 Hotel Royal Mirage,"Near Shakurbasti Railway Station, Rani Bagh, Delhi",3359,4.4
OYO 358 Hotel Golden Leaf,"Near AIIMS Trauma Center, Delhi",3465,4.4
OYO 1089 Hotel SkyLink,"Near Bengali Sweets, Delhi",3549,4.4
OYO 5270 Sam Hotel,"Greater Kailash-2, Delhi",3549,4.4
OYO 10558 Hotel Qlark,"Near Park Hospital, Vishnu Garden, Delhi",3614,4.4
OYO 1219 Malviya Nagar,"Near Hauz Khas Metro Station, Panchsheel Park South, Delhi",3644,4.4
OYO 11201 Near Bhikaji Cama Place,"Opp. Bhikaji Cama Palace, Delhi",3669,4.4
OYO Flagship 592 Hauz Khas Village,"Safdarjung Enclave, Near N.C.C.Gate, Delhi",3732,4.4
OYO 2227 Hotel Chalet,"Near PVR Saket, Delhi",3320,4.4
OYO 503 Hotel Comfort Zone,"Near Nehru Place, Delhi",3328,4.4
OYO 10960 Hotel Royal India,"Road no 32, Punjabi Bagh, Delhi",3411,New
OYO 518 Hotel Sundeep Inn,"Near Holy Angels Hospital, Vasant vihar, Delhi",3499,New
OYO 557 Hotel Lavish Inn,"Opp. Janta Market, Rajouri Garden, Delhi",3549,4.1
OYO 12532 Hotel Broadway Inn,"Nehru Enclave, Opposite Modi Tower, Nehru Place, Block C, Delhi",3559,4.1
OYO 10824 Hotel Star Suites,"100 feet Road, Chattapur, Delhi",3626,4.5
OYO 5915 Hotel Swagath,"Near Dominos, Malviya Nagar, Delhi",3666,4.5
OYO Flagship 632 Kalkaji Mandir,"Kalkaji, Delhi",3699,4.2
OYO Flagship 591 Safdarjung Enclave,"Safdarjung Development Area, Near SDA Market , Delhi",3732,4.2
OYO 12464 Hotel C Pearls,"Above VISHAL MEGA MART, Metro Pillar no 511, Main Rohtak Road, Delhi",3732,New
OYO 5265 Hauz khas Metro,"S Block, Panchsheel Park, Delhi",3732,New
OYO 8352 Gera's Heritage,"Above Bank of Baroda, Kalkaji Branch, Delhi",3732,4.2
OYO Flagship 512 Deer Park,"B Block, Safdurjung Enclave, Delhi",3732,4.2
OYO Flagship 494 East of Kailash,"Plot no. E-301, E Block, East of Kailash, Delhi, Delhi",3949,4.2
OYO 9536 Bee For Home Stay,"Safdarjung Enclave, Delhi",3974,4.2
OYO 183 Hotel Alpine Tree,"Under Mahipalpur Flyover, Mahipalpur Extension, Delhi",4016,4.4
OYO 10938 Sheraton Grand,"Kapil Vihar 168 , Pitampura, Delhi",4033,4.4
OYO Flagship 573 Paharganj NDLS,"Arakashan Road, Central Delhi, Delhi",4215,New
OYO Flagship 746 Bhikaji Cama Place,"Plot No. No.B-2/3, Africa Avenue Road, Delhi",4215,4.5
OYO 3921 Goodwill Hotel,"Hans Raj Gupta Marg, Delhi",3732,4.5
OYO 8254 AP Holiday Inn,"Near Sec 15 ICICI Bank, Sector 15, Rohini, Delhi",3732,4.3
OYO Flagship 749 Pitampura,"Pitampura, Delhi",3732,4.3
OYO 12789 Hotel Aaron Castle,"Block A2, Africa Avenue road, Safdarjung Enclave, Delhi",3889,New
OYO 11071 Hotel Tisya,"Vardhman Market, Pitampura, Delhi",3958,4.3
OYO 12148 Flyover INN,"4/29 A, Rishi Nagar, Pitampura, Delhi",3990,4.3
OYO 12219 Tryfenna,"Chaudhary Harsukh Marg, Green Park, Delhi",4028,New
OYO 5331 Zara Grand,"Near Green Park Metro Station, Green Park Extension, Delhi",4208,4.4
OYO Flagship 555 Pitampura,"Rajdhani Enclave, Pitampura, Delhi",4215,4.4
OYO 626 Hotel Shubham Vilas,"Opp. TDI Mall, Rajouri Garden, Rajouri Garden, Delhi",4215,4.0
OYO 8412 Hotel Maharani Prime,"Near Sindhi Camp Bus Stand, Jaipur",1201,New
OYO 10864 Hotel Fernweh Homestay,"Sidharth Nagar, Near Airport, Jaipur",1201,New
OYO 7197 Cordon Vay,"Behind WTP Mall, Malviya Nagar, Jaipur",1201,4.2
OYO 9594 Hotel Shree Residency,"Dhuleshwar Garden, Hathroi, C scheme, Jaipur",1201,4.2
OYO 2166 Hotel KMahaveer,"Near 200 Feet Bypass, Dr. Rajendra Prasad Nagar, Jaipur",1201,4.2
OYO 7130 Hotel Broadway,"In Main Transport Nagar, Opposite Sethi Colony, Jaipur",1516,4.2
OYO 10755 Hotel Anand Palace,"Raja Park, Jaipur",1201,4.3
OYO 1004 Hotel Fly View,"Near Jaipur Airport Terminal 1, Maruti Nagar, Jaipur",1201,4.3
OYO 9654 Hotel Arco Palace,"Station Road, Sindhi Camp, Jaipur",999,4.1
OYO 9424 Hotel Eden,"behind Chandra Mahal Garden Agra Road, Jaipur",1201,4.1
OYO 9139 Hotel Jaipur Pride,"Jaipur Spice Restaurant Building, Janpath Road, Shyam Nagar, Jaipur",1201,4.7
OYO 5326 Jaipur Pride Inn,"Janpath road, Nirman Nagar, Jaipur",1201,4.7
OYO 2048 Hotel Le Grand,"Near Ahinsa Circle, Ashok Marg, Jaipur",1324,4.3
OYO 606 Hotel Imperial,"Behind of Raj Mandir Cinema, MI Road, Jaipur",1201,4.3
OYO 8307 Hotel Garden View,"Subhash Marg, Near Ahinsa Circle, Jaipur",1201,4.4
OYO 9955 Hotel Swaruchi Palace,"Shiv Shakti Nagar, Gauttam Marg, Kings Road, Near Indo Bharti School, Nirman Nagar, Jaipur",1201,4.4
OYO Flagship 250 C-Scheme,"Krishna Nagar 2, Lal Kothi, Jaipur",2324,4.4
OYO 9143 Hotel Maharani,"Mangaiwas Mode, Mansarover, Jaipur",1201,4.4
OYO 6327 Hotel Hill View,"Near Apex Circle, Malviya Nagar, Jaipur",1201,4.2
OYO 9304 Hotel Swastika,"Polo Victory Cinema, Jaipur",1201,4.2
OYO 9753 Hotel Cheelgadi,"Airport Road, Sanganer Jaipur, Jaipur",1201,New
OYO 7794 Hotel Raghukul,"Near Pratap Plaza, Main Tonk Road, Jaipur",1201,New
OYO 8051 Hotel Don Jon,"Opp. Fortis Hospital, JLN Marg, Jaipur",1201,4.3
OYO 6133 Kampland Hotels & Resorts,"Gangaram Nagar, Jaipur",1201,4.3
OYO 8515 Ashok Palace,"Near Jal Mahal, Delhi Highway, Jaipur",1201,4.3
OYO 6805 near Collectorate Circle,"Near Space Cinema, Subhash Nagar Shopping Center, Jaipur",1201,4.3
OYO 7896 Hotel Rang Mahal,"Near Malviya Nagar Police Station, Malviya Nagar, Jaipur",1201,4.2
OYO 1298 Hotel Kohinoor,"Vansthali Marg, Jaipur",1201,4.2
OYO 10433 Hotel Meenakshi,"Adjoining DRM office, Near Railway station, Jaipur",1201,4.2
OYO 1006 Hotel Red Fort,"Opp. Indian Oil Petrol Pump, Kunda, Amer, Jaipur",1201,4.2
OYO 744 Hotel Vachi Inn,"Behind WTP, Malviya Nagar, Jaipur",1552,New
OYO 7599 Hotel KS Pride,"Near Durgapura Railway Station, Durgapura, Jaipur",1201,4.6
OYO 2262 Hotel Heritage Inn,"Near Collectorate Circle, Durga Marg, Jaipur",1201,4.6
OYO 10345 Hotel Palm's,"Ashok Marg, Ahinsa Circle, C scheme, Jaipur",1201,New
OYO 1425 Hotel SK Paradise,"Near Lal Kothi Shopping Centre, Tonk Road, Jaipur",1201,4.2
OYO 1992 Hotel Maan's Heritage,"Behind LBS College, Balmiki Marg, Lane No. 6, Jaipur",1201,4.2
OYO 9542 near Sindhi Camp Bus Stand,"Pareek College Road, Bani Park, Jaipur",1490,4.4
OYO 831 Hotel Landmark,"Near Durgapura Flyover, Lal Bahadur Nagar, Jaipur",1201,4.4
OYO 2154 C Scheme,"Motilal Atal Road, Jaipur",1201,4.2
OYO 10249 Hotel Gurukripa,"Behind Pradhan Vatika Marriage Garden, SFS, New Sanganer Road, Jaipur",1201,4.2
OYO 2206 Hotel Rajawat Manor,"Chitrakoot Scheme, Jaipur",1201,New
OYO 10317 Hotel Mock Orange,"SMS Colony, B- block, Maharani Farms, Dalda Factor Road, Mansarovar, Jaipur, 302020 , Jaipur",1201,New
OYO 353 Hotel Four Boutique,"Behind Shyam Nager Metro Station, Shyam Nagar, Jaipur",1201,4.5
OYO 6670 Hotel Himalaya Tower,"Behind Chokhi Dhani, Sitapura, Jaipur",1201,4.5
OYO 10603 Hotel Mahima Palace,"Kusum Vihar, Jagatpura, Jaipur",1201,4.5
OYO 1505 Hotel RnB Jaipur,"Sunder Nagar, Jaipur",1201,4.5
OYO 5963 Hotel Kartikey,"Near Collectorate Circle, Kabir Marg, Jaipur",1201,4.3
OYO 7152 Gumaan Heritage,"Near Durgapura Railway Station, Mahaveer Nagar, Jaipur",1201,4.3
OYO 5723 Hotel Crown Jaipur,"Near Amber Tower, Sansar Chandra Road, Jaipur",1201,4.4
OYO 4107 Hotel Aroma Inn,"Near Alka Cinema, Sikar Road, Jaipur",1712,4.4
OYO 9142 Hotel Stay Fine,"Buffet House, Jawahar Nagar, Jaipur",1201,4.2
OYO 9231 Hotel Jinesh,"Ashok Nagar, Purani Chungi, Ajmer Road, Jaipur",1201,4.2
OYO 9141 Hotel Roshan Haveli,"Kunda Tiraha, Amer, Jaipur",1201,4.3
OYO 2442 Hotel Star Palace,"Near Rajputana Shereton, Fatehsingh market, Jaipur",1201,4.3
OYO 6012 Hotel Rockwell,"Roop Vihar, Hem Marg, New Sanganer Road, Jaipur",1201,4.1
OYO 621 Hotel Resolute,"Near Jaipur Glass Factory, Tonk Road, Jaipur",1201,4.1
OYO 9571 Hotel Aditya Residency,"Panchsheel Enclave, JLN Marg, Jaipur",1201,New
OYO 9388 Yash Hotel,"Near Choradiya Petrol Pump, Jaipur",1201,4.4
OYO 4646 Hotel Hari Villa,"Behind Skit College, Shiv Nagar, Jaipur",1201,4.4
OYO 601 Hotel Shalimar,"Opp. Sindhi Camp Metro, Vanasthali Marg, Jaipur",1201,4.4
OYO 8832 Hotel jaipur Classic,"On Main Khirni Phatak, T.C Nagar, Jaipur",1201,New
OYO 3971 Hotel Tip Top,"Near State Bank of India Branch, Vaishali Nagar, Jaipur",1201,New
OYO 2072 Hotel Indigo Heritage,"Geejgarh Vihar, Civil Lines, Jaipur",1201,4.1
OYO 6697 Hotel Green Lemon,"Marudhar Vihar, Khatipura, Jaipur",999,4.1
OYO 10328 Hotel Sanjay Palace,"opposite Polovictory Cinema, Jaipur",1201,4.1
OYO 1714 Hotel RnB City Center,"Near Rajputana Shereton, Hasanpura Flyover, Jaipur",4999,4.1
OYO 652 Hotel Anokhi Palace,"Bani Park, Jaipur",999,3.9
OYO 8936 near WTP Mall,"Behind WTP, JLN Marg, Jaipur",1201,3.9
OYO 3949 Hotel Grande Residency,"Sansar Chand Road, Jaipur",1201,4.4
OYO 364 Hotel Dev Villas,"Front Off Athish Market Metro Station, Gopalpura Bypass, Jaipur",1201,4.4
OYO 7363 Hotel N71 Rooms & Banquets,"Opp. World Trade Park, Ahinsa Marg, Jaipur",1201,4.2
OYO 2249 Hotel Blue Bird,"Near Panchwati Circle, Fashion Street, Jaipur",1201,4.2
OYO 3999 Hotel Aroma Classic,"Behind Jayanti Market, Jaipur",1201,4.1
OYO 2289 Hotel Radha Palace,"Opp. Ganpati Plaza, MI Road, Jaipur",1201,4.1
OYO 1674 Hotel Tordi Haveli,"Plot no-32, Sector 06, Chitrakoot Scheme, Vaishali Nagar, Jaipur",1201,4.1
OYO 6545 Hotel Kanhiya,"Near Lal Kothi Shopping Centre, Jaipur",1201,4.1
OYO 10191 Hotel Vinayak INN,"7 No. Chauraha, Above ICICI Bank Jagatpura Road",1201,4.0
OYO 4492 Home Stay Sukh Vilas,"Near Arya Hospital, Moti Doongri Circle, Jaipur",1201,4.0
OYO 1143 Hotel RDB Palace,"Near DRM Office, Kabir Marg, Bani Park, Jaipur",1201,4.0
OYO 410 Hotel Lily Bay Inn,"Siddharth Nagar, Jaipur",1201,4.0
OYO 12019 Hotel Anuja,"Kanti Chandra Rd, Banipark, Kanti Nagar, Sindhi Camp, Jaipur, Rajasthan ., Jaipur",1201,New
OYO 647 Hotel Chetram,"Main Sikar Road, Jaipur",1201,New
OYO 7087 Hotel Dodas Palace,"Raja Park, Jaipur",4999,4.1
OYO 3446 Hotel Sanjary Palace,"Behind Amber Tower, SC Road, Jaipur",1201,4.1
OYO 9234 Sai Residency,"Shanti Path, Jawahar Nagar, Jaipur",1201,4.1
OYO 9649 Hotel RnB Select Vijay Palace,"Ghat Gate Bazaar, Near Ramganj Chauper, Jaipur",1201,4.1
OYO 2105 Hotel Royal Sheraton,"Near Hawa Mahal, Kanwar Nagar, Jaipur",1201,4.0
OYO 8040 Hotel Ananta Inn,"Behind Jaipur Nager Nigam Office, Lal Kothi, Jaipur",1201,4.0
OYO 8425 Hotel Shiv Palace,"New Sanganer Road, Sodala, Jaipur",1201,4.5
OYO 1152 Sodala,"Behind Lazeez Restaurant, Ajmer Road, Jaipur",1201,4.5
OYO 8445 Zade House,"Near Jaipur Airport Terminal 2, Siddharth Nagar, Jaipur",1417,4.0
OYO 871 Hotel Jaipur City,"Himmat Nagar, Jaipur",1201,4.0
OYO 9973 Hotel Green Valley,"Kunda, Jaipur",1201,4.4
OYO 2326 Hotel Star Plaza,"Opp. Railway Station, Fateh Singh Market, Jaipur",1201,4.4
OYO 3950 Hotel Hayat Rabbani,"Opposite Polovictory Cinema, Station Road, Jaipur",1201,4.1
OYO 868 Hotel Arena Villas,"Kanti Nagar, Jaipur",1201,4.1
OYO 3457 Hotel Sky Heights,"Near Hanuman Dhaba, gali number 2, Jaipur",1201,4.2
OYO 9901 near Jorawar Singh Gate,"nanadpuri colony, Amer road, Jaipur, Jaipur",1201,4.2
OYO 1656 Hotel Mandela House,"Vidyut Nagar, Queens Road, Jaipur",1201,4.4
OYO 2070 Hotel Shri Laxmi Palace,"New Sanganer Road, Sodala, Jaipur",1201,4.4
OYO 11754 Hotel Classic 7,"Plot No. 1, Vardhman Nagar, Main Ajmer Road, Near 200 Ft Bypass Flyover, , Jaipur",1201,New
OYO 5372 Hotel Silver Pride,"Maharani Farm Durgapura, Jaipur, Jaipur",1535,New
OYO 12086 Hotel Panchsheel,"Ajmer Road, Jaipur",1201,4.5
OYO 2882 Hotel Jaipur Heritage,"Opp. Bharmpuri Police Station, Main Amer Road, Jaipur",1201,4.5
OYO 11923 Hotel Rajdhani Palace,"F-301, Shyam Path, New Sanganer Road, Sodala, Shyam Nagar, Jaipur",4999,4.5
OYO 10347 Hotel Deepak,"Vasudev Marg, Subash Nagar, Shastri Nagar, Jaipur",1201,4.5
OYO 5166 Castle Lalpura,"Near Ganpati Plaza Mall, Sansar Chandra Road, Jaipur",1291,4.3
OYO 1746 Hotel RnB Select,"Bani Park, Jaipur",1201,4.3
OYO 352 Hotel DRS 8586 Haveli,"Near WTP, Adinath Nagar, Jaipur",1201,4.2
OYO 2281 Hotel Ankur Palace,"Near Railway Station, Jaipur",1201,4.2
OYO 11940 Yellow Park Hotel and Resort,"Ghati Karolan, Agra Road, Jaipur , Jaipur",1201,4.0
OYO 6715 Harpalsar Haveli,"Behind Laxmi Narayan Temple, Vaishali Nagar, Jaipur",1201,4.0
OYO 9140 Maharana Greens,"Jaipur-Delhi Highway, Kukas, Jaipur",1201,4.3
OYO 648 Hotel Royal Ecstasy,"Tonk Road, Jaipur",1201,4.3
OYO 8819 Hotel Shiv Aangan,"Near Polovictory, Kanti Nagar, Jaipur",1201,4.0
OYO 12421 The Address,"D-174 , Anraag Path, opposite to the GT mall, Jaipur",4999,4.0
OYO 1060 Hotel Rahwaas,"Opp. Fortis Hospital, JLN marg, Jaipur",1201,3.7
OYO 10325 Hotel Grand Harshal,"Malviya Nagar Industrial Area, Malviya Nagar, Jaipur",1201,3.7
OYO 10122 Shanti Vilas,"Rana Pratap Nagar, Near to Triton Mall, Jhotwara, Jaipur",1201,3.7
OYO 10391 Hotel Royal Sunshine,"Plot No. 167, Jhumar Lal Ji Ki Bagichi, Near Polo Victory Cinema, , Sindhi Camp, Jaipur, Rajasthan 302001, India, Jaipur",1201,3.7
OYO 10282 Hotel Rishi,"Dhuleshwar Garden, Opp. Gopal Bari, Ajmer Rd, Hathroi, Jaipur",1201,New
OYO 10963 Hotel Guman Auberge,"Sawai Jai Singh Highway, Sen Colony, Bani Park, Jaipur",1201,New
OYO 10228 Hotel Chandramouli,"Near Jaipur Railway Station, Ajmer Road, Kalwar Scheme, Gopalbari, Jaipur",1201,4.3
OYO 6708 Holiday Heaven Resort,"New Sanganer Road, Mansarovar, Jaipur",1201,4.3
OYO 13083 Hotel Lovely Inn,"Malviya nagar opposite NWR headquarters, Jaipur",4999,4.3
OYO 9929 Hotel Dhruv,"Near Chowdhary Petrol pump , Sanganer, Jaipur",1201,4.3
OYO 13096 Braj Haveli,"Gridhar Marg, Sector 9, Malviya Nagar, Lal Bahadur Nagar East, Sector 9, Malviya Nagar, Jaipur, Jaipur",4999,4.5
OYO 10283 Hotel Jaipur Darbar,"Golimar Garden Amer road, Parasrampuri, Jaipur",1201,4.5
OYO 11415 Hotel Raj Laxmi,"Opp. Sanjeevni Hospital, New Sanganer Road Sodala, Jaipur",1201,3.9
OYO 9596 Hotel Radha Nikunj Residency,"Shri Gopal Nagar, Gopalpura Bypass, Jaipur",1201,3.9
OYO 12381 The New Heritage Heights View,"opposite Raja Park Gurudwara, Govind marg, Jaipur",4999,4.2
OYO 12957 Hotel Silver Plaza,"66, 67, Near Science Park, Subhash Nagar, Shastri Nagar, Jaipur, Jaipur",4999,4.2
OYO 9744 Hiraeth Homestay,"Durga Vihar, Pradhan Marg, Jaipur",1281,4.1
OYO 11389 Hotel NG Palace,"Karbla Road, Ramgarh Mod, Jaipur",1201,4.1
OYO 10284 Hotel Transit,"Station Road, Sindhi Camp, Jaipur",1201,4.0
OYO 11401 Hotel Malhotra,"Laxmi Narayan Puri, Opp. Meena Petrol Pump, Jaipur-Delhi Highway, Jaipur",1201,4.0
OYO 12849 Hotel Akshay,"Purana Agra Road, Behind Chandra Mahal Garden, Jaipur",4999,4.5
OYO 13327 Thousand Cups,"40, gaytri nagar, , Maharani park, Durga pura, Jaipur, Jaipur",4999,4.5
OYO 6893 Hotel Airport View,"Near Jaipur Airport Terminal 1, Sanganer, Jaipur",1201,4.2
OYO 578 Hotel Aurum,"Khatipura, Jaipur",1365,4.2
OYO 3426 Hotel White Inn Agra,"Taj Nagri -1, Agra",999,New
OYO 11652 Hotel Crystal Inn,"Fatehbad Road, Behind TDI Mall, Taj Nagari Phase - 1, Telipara, Taj Nagari Phase 1, Telipara, Agra",1201,New
OYO 11540 Hotel Royal INN,"Taj Nagri Phase-1, Behind TDI Mall, Agra",1201,4.3
OYO 11526 Hotel Apollo,"Fatehabad Rd, Tourist Complex Area, Impeypura, Tajganj, Agra",1201,4.3
OYO 11041 Hotel Taj Ansh,"Dhandupura Road, Opp. Shilpgram Road, Dhandupura, Agra",1201,4.3
OYO 10500 Royal Awadh,"Taj East gate Road, Agra",1201,4.3
OYO 9974 Hotel Taj Prince,"Near Basai Police Chowki, Fatehabad Road, Agra",1201,4.0
OYO 9590 P S Villa,"Taj Nagari Phase-2, Agra",1201,4.0
OYO 9369 Raj Paradise,"Taj Nagri Phase-1, Behind TDI Mall, Agra",1201,3.9
OYO 8743 Hotel Ravi Palace,"Opposite Sheraton 4 Points, Shilpgram Road, Agra.",1201,3.9
OYO 6388 Hotel NR Inn,"Behind TDI Mall, Agra",999,4.2
OYO 11608 Riddhee Siddhee,"Taj Nagri Phase1 , Near Shilpgram, Tajganj, Agra",1201,4.2
OYO 11539 Hotel Priya,"Opposite Priya Restaurant, Fatehabad Road, Basai Khurd, Agra",1201,New
OYO 11043 Hotel Rudra Vilas,"Purani Mandi, Taj Ganj, Agra",1201,3.9
OYO 10876 Hotel Taj signature,"Taj Ganj Basai, Agra",1201,3.9
OYO 10454 Hotel Riviera,"Taj Nagari Phase 1, Behind Pacific Mall, Agra",1201,4.2
OYO 10961 near Railway Station,"Arjun Nagar Tiraha, Agra",1201,4.2
OYO 11646 Hotel Prema Palace Agra,"Fatehabad Road, Agra",1201,4.3
OYO 9368 Hotel Pratap,"Fatehabad Road, Purani Mandi, Agra",1201,4.3
OYO 4291 Hotel The KS Royal,"NH-2, Sikandra, Opposite Akbar Tomb, Agra",1201,4.2
OYO 6072 Aaradhya residency,"Plot no. 94 behind Taj Ganj CNG  Pump, Agra",1201,New
OYO 4096 Queen Palace Agra,"Behind CNG Petrol Station, Fatehabad Road, Agra",1201,New
OYO 3773 Hotel City Square and Suites Agra,"Opp. Saga Emporium, Fatehabad Road, Agra",1201,4.3
OYO 2862 Hotel Kanha Continental,"Opp. CCD, Fatehabad Road, Agra",1201,4.3
OYO 9367 Hotel Taj Galaxy,"Taj VIP Gate, Eastern Gate, Fatehabad Road, Agra",1201,4.3
OYO 10133 Rama Homestay,"Behind CNG Pump, 100ft Road, Agra",1201,4.3
OYO 12221 Hotel M house,"plot no 18/159 near puarni chowk, fatehabad road agra, Agra",1201,4.4
OYO 11005 Hotel Shanti Palace,"SEC-13, PT DEEN DAYAL UPADHYAY PURAM, Karkunj Road, Bodla Near Kargil Petrol Pump, , Sikandra-Bodla Rd, Nidhi Kunj Colony, Kar Kunj Chauraha, Avas Vikas Colony, Sikandra, Agra",1201,4.4
OYO 9236 9 Star Hotel,"Fatehabad Road, Tajganj, Agra",1201,4.4
OYO 6253 Hotel Garden View Resort,"Opp. CNG Petrol Station, 100 Feet Road, Agra",1201,4.4
OYO 5539 Merit Hotel,"Opp. TDI Mall, Fatehabad Road, Agra",1201,New
OYO 4012 Hotel Avalon Taj Agra,"Near Idgah Bus Stand, Idgah Colony, Agra",1201,3.7
OYO 3209 Hotel Anand Villa,"Behind TDI Mall, Fatehabad Rd, Agra",1201,3.7
OYO 1493 Hotel Madhushrie,"Taj Expressway Link Road, Nunahi, Agra",1201,4.1
OYO 9966 Hotel Samovar,"Fatehbad Road, Agra",1201,4.1
OYO 1835 Sun Hotel Agra,"Near Police Chowki, Baluganj, Agra",1201,4.6
OYO 11648 CP Residency,"Kalal Kheria, Fatehabad Road, Agra",1201,4.6
OYO 3202 Hotel Gayatri Residency,"Taj Nagari phase 2, Agra",1201,4.1
OYO 8888 Riga Home Stay Agra,"Taj Nagri Phase 1, Agra",1201,4.1
OYO 10953 Dayal Lodge A Boutique Hotel,"New Agra, Dayalbagh Road , Agra",1236,4.1
